Channel,Fresh_clean,Milk_clean,Grocery_clean,Frozen_clean,Detergents_Paper_clean,Delicassen_clean
1.0,0.61031283370323,0.7422581854582233,0.6981438718034904,0.24482269486016905,0.7032978195486321,0.568060759284837
1.0,0.5002613989370535,0.7450847232322935,0.734353447810596,0.5548125208541378,0.7304036477012552,0.6225537903728887
1.0,0.48253932126998456,0.7259151470963301,0.7005854509220817,0.6075372981178151,0.7390130883435819,0.9842099555685699
0.0,0.6198412754431576,0.4014799706583661,0.6137708739951367,0.7869228436467486,0.5000607016087566,0.6238989459446158
1.0,0.7410286883660506,0.6414156124410628,0.6907357941607575,0.6941621798805064,0.651203154563266,0.8690497289177113
1.0,0.5519307754001435,0.7145505453368066,0.6410759745013569,0.4020297175242644,0.6524706424401404,0.5832554523865258
1.0,0.601359499411797,0.5542727132379601,0.6860256568343632,0.3544701196162887,0.7241765000128189,0.41947920074232964
1.0,0.5126311294566834,0.6265986071456897,0.7320156461485358,0.5458215970371958,0.7315139785341548,0.6996152547786119
0.0,0.47213353196471897,0.5756826027719462,0.6684030028595321,0.3372666468385377,0.6468169327373092,0.4683828847399602
1.0,0.47330338423066354,0.7671750599383622,0.8463288733009252,0.48684754227229166,0.8399934017776748,0.656537064387802
1.0,0.3869655017108001,0.6411959132852476,0.7831178991206518,0.7156852308215069,0.8101587423885078,0.6189334977936444
1.0,0.6179626650951946,0.3922714048359471,0.6233938046702875,0.5193753403789503,0.5092740093288048,0.4060953078171178
1.0,0.8289819345902489,0.786203847109807,0.7671019479509035,0.28344232000709135,0.7520631432370518,0.7293261616486544
1.0,0.7254479820113895,0.6649050213246444,0.8069436245661941,0.6517493886570194,0.8259518392891197,0.43428279328259195
1.0,0.7625969753044787,0.7386948297407272,0.7716328963276208,0.2866736916343037,0.7874961753098685,0.6634058819572661
0.0,0.568178434193522,0.390950104089924,0.6000800008782246,0.3277411111644998,0.5758901483235156,0.3798347763731797
1.0,0.25139868444998636,0.726075920196116,0.7720346356395813,0.18596214307789677,0.7720184169490687,0.5294186308861398
0.0,0.4697487602033445,0.663488745095391,0.5646817019069645,0.43670092855627063,0.4640792090201491,0.8311457621512784
1.0,0.6942820760004208,0.668168812136352,0.7428418224313866,0.5926249717296542,0.7077220572022878,0.7481277735654493
0.0,0.5172378612038073,0.5144234187631616,0.7326441758415776,0.4026954261058232,0.6955438934708466,0.40724632550832934
1.0,0.6808578193042285,0.611116450612744,0.6258206396333955,0.4736792573414945,0.6816224500896463,0.6591078775626478
0.0,0.4610770788925236,0.3549706372326102,0.5164682922221886,0.6676656957175502,0.465596785116971,0.4258457797710723
0.0,0.8251784915099557,0.47310809171585716,0.6217141195014706,0.8633226983820419,0.6883557745637842,0.8228890840398704
1.0,0.7798645570137314,0.9935611068822632,0.8732702481364158,0.7453173322630853,0.766846170877397,1.0
1.0,0.7413774723910014,0.7444641831832339,0.7931785593585329,0.6411259337742792,0.7712439075587169,0.8979893449416928
1.0,0.6624187912965898,0.600108402553861,0.6988221397440728,0.23675052829999232,0.7561706951895452,0.16842998758880423
0.0,0.5614279249540807,0.3692556233472644,0.5614264432269683,0.6549435419268973,0.4167860439478761,0.4853640780625997
0.0,0.6353522918896488,0.3432542269406779,0.5696127735256646,0.35594663396491655,0.32260985308978163,0.4120635549692558
1.0,0.4151011644514914,0.8810246648458611,0.9027943441613236,0.4867109756869984,0.8605139211803847,0.8701153936476429
0.0,0.9171361351517987,0.48729489705256984,0.5494551402447342,0.4923593662776492,0.592650196247642,0.483386491847093
0.0,0.6969408278541022,0.5739666395360494,0.7579609027856645,0.48533956880699936,0.6743624275701212,0.7317975092149901
0.0,0.35379790410993445,0.6043385970711408,0.5733800626697111,0.5833394660157941,0.5564851090369868,0.5134577857155724
0.0,0.7301450245711254,0.4159866440478264,0.5625645610459452,0.27331370401922217,0.5700032139346632,0.37749866698738
0.0,0.8114442061357957,0.6207297322287537,0.6933835605120267,0.7784575457649707,0.46129875294007927,0.5299054215139413
0.0,0.2899383486252116,0.47804796948748157,0.5312470772991509,0.3372666468385377,0.49447120943536327,0.37410892667615553
1.0,0.21668487622331664,0.643939151071544,0.7577302101627079,0.4356088667587412,0.7637956130755887,0.38762760915832717
0.0,0.8134808236154448,0.6052188016318587,0.6492746861763999,0.5516710794782389,0.5624535758725216,0.8394293510188156
1.0,0.6484219251496668,0.7582285538954459,0.7767384728542243,0.5691711866979445,0.8217696983947277,0.46058225996989444
1.0,0.43129969779512745,0.831244517404045,0.8253507993765058,0.028233401228003108,0.830973629529892,0.386671157056366
0.0,0.9999999999999999,0.29104900359586244,0.42280061066587715,0.8758110501366294,0.40231988670633556,0.7281608335977041
0.0,0.7560859367397186,0.604069863551377,0.6304809121297477,0.8655156411201139,0.5967637865773627,0.9020011419349856
0.0,0.7013791756141922,0.5473503311776802,0.6627193855181491,0.5788151818457201,0.6984276826430329,0.7191560292624148
1.0,0.5791770340758154,0.698922878806888,0.806708909846754,0.22820486959713066,0.8298390256772291,0.1513703697257401
1.0,0.2094879732699542,0.7672076349818122,0.8886232216435872,0.4269983400583256,0.8748531141821172,0.18813006921944833
1.0,0.5570041159782521,0.6863041645305816,0.7485650248975929,0.37162758700551524,0.7752497825941288,0.17935811196657686
1.0,0.4497662997678831,0.8950624945068937,0.8693044514044135,0.5527240482828676,0.8386438283723346,0.8587368030031942
1.0,0.3760380739506303,0.8105676279680378,0.8727544302715291,0.5457225468183936,0.8276853566434055,0.5833859414758618
1.0,0.9266778806187482,1.0,1.0,0.8251944915909937,0.9999999999999998,0.928884885144744
1.0,0.5910182751580138,0.6633493188160979,0.7544850935977807,0.38272567797400103,0.7891677172134425,0.5864978981032061
1.0,0.4432439574920256,0.8894881469532003,0.922594794068221,0.5581810100278154,0.9254101654473794,0.5425329214614232
0.0,0.4803359912760649,0.3884095340463722,0.5146053343869923,0.6915751712143775,0.521355970020783,0.662823617204635
0.0,0.38619615869672796,0.5929407894342995,0.6864746341396484,0.2592018567508356,0.6331326702371738,0.3386448309968873
1.0,0.900244220484962,0.5873412469867576,0.6607492133532117,0.3692068300701816,0.6990272072274227,0.5596029422440797
1.0,0.19015851307187298,0.7568088516605975,0.7639875221157704,0.4185388495653033,0.8015506956597636,0.3028225610497583
0.0,0.7891291507409006,0.43025790757644383,0.5125281345578528,0.609750192967613,0.39813981852712543,0.5673667971908308
0.0,0.4522461224440549,0.5772487249117546,0.6376753254188535,0.4723517867990006,0.6676379132491003,0.5374045357629664
1.0,0.4145723544883764,0.954283126556732,0.9090628544656055,0.622129769219317,0.9643031096467141,0.5683378063747458
1.0,0.4567477860367951,0.7473133448065707,0.7488072805681631,0.042943331839831234,0.8427113181047656,0.5601758418331089
0.0,0.627825045148646,0.4773397292152389,0.49220185213000733,0.38569424675891295,0.4097758757587914,0.38762760915832717
0.0,0.47683222531262465,0.6398406064676869,0.7074693617129744,0.181323918275558,0.7218263691607835,0.6023688907760577
1.0,0.5350138800713632,0.5462935391059478,0.7039058203296198,0.1459954759144001,0.7591917298070107,0.3033424813655383
1.0,0.8639619845784716,1.0,1.0,0.6606901868025581,0.9999999999999998,0.6483736519724211
1.0,0.5182127258058735,0.6659258853968864,0.6765469211610851,0.7050449662952261,0.7585077588820979,0.5097768277536752
1.0,0.5515918423552518,0.7752817849676048,0.8156084311533962,0.6399711095485929,0.8446227392650992,0.5620286697583787
0.0,0.43674841872642656,0.4052897895913102,0.578251813749644,0.6850360818067298,0.6072067647473789,0.539749183899
1.0,0.08947086066945593,0.8853994612756995,1.0,0.03727652957800015,0.9999999999999998,0.5795744130065874
0.0,0.019885478851455862,0.43890041134178454,0.6952421200005822,0.21912213547707593,0.7372038098361968,0.11286696413789266
1.0,0.7102649377433895,0.6795643939595291,0.7891826003735879,0.49962573568082336,0.7896943585300087,0.4855608678348577
0.0,0.3456300876417692,0.6919757555082442,0.606109761058382,0.7701109024033381,0.5517432759065583,0.7417876491021732
0.0,0.5299149419369904,0.5339469827725547,0.46351443978899365,0.42545581809158295,0.5300684005447797,0.2541243306407353
0.0,0.6697531958613481,0.4825429118012345,0.5762714932237822,0.888575246086009,0.3380333911222465,0.5717753228391398
0.0,0.6903930482265365,0.4099599325130176,0.8652530595196594,0.7532069316076371,0.7617038911859055,1.0
0.0,0.42564423526022155,0.6327144110553415,0.5520035947769792,0.8514428946307928,0.6142958126770124,0.2786325707095741
1.0,0.7100982698882352,0.6389527370462922,0.7198033303840474,0.8339577862263696,0.5480676140280625,0.44548969418730455
1.0,0.5263868078833202,0.668603361057349,0.7380139970209952,0.5032772332787461,0.6597027931223323,0.6230029214859668
0.0,0.7159897026154332,0.39397314985075055,0.0,0.7159802640676317,0.0,0.511712273608551
0.0,0.22012756746311216,0.5729200051600247,0.6762754961518366,0.8186674018629632,0.5049718315928252,0.49706109207037025
1.0,0.6026790148217249,0.7917224812060519,0.9201491199052679,0.44206021705050325,0.9080037993861722,0.5175940978732819
0.0,0.5776550745076728,0.3988475871030254,0.5199436698820937,0.5839887803034798,0.4409183113513362,0.269838705521612
0.0,0.29936031599648905,0.5572868786263008,0.5940374520133004,0.44188421765508257,0.6027015992112597,0.6083620350051863
0.0,0.49899510090880017,0.3478372583299338,0.5680448614842847,0.3389091861765031,0.5215477730422454,0.4151185201014109
1.0,0.13694863573723945,0.7401018102486376,0.8003671251033607,0.28156453365414036,0.8471515293406069,0.2625377272709006
1.0,0.5702188189239213,0.7342579683668067,0.7565434470819855,0.41712117015282224,0.7397974184666496,0.6797950311084352
0.0,0.7215179262199545,0.4417492207951322,0.5017377089680713,0.60133823805769,0.5094852628209828,0.47301431796239474
1.0,0.5969915865627539,0.5606423144636445,0.6321622323622605,0.48942279308836256,0.7505521486491832,0.23559993618511071
1.0,0.6617587353568183,1.0,1.0,0.46770190858129523,0.9999999999999998,0.7303325450766505
1.0,0.7443933656741246,1.0,0.9420790159613244,0.4616730711556326,0.9825185373710734,0.49873639474277326
0.0,0.9183733823989232,0.6289283986400522,0.7089240911598443,0.784116659357047,0.6364108208278053,1.0
0.0,0.519138822041938,0.2877564165781164,0.6077870618971326,0.8702807151811824,0.37527843619205303,0.1513703697257401
0.0,0.7651674166114865,0.5839392956464389,0.6466576686971893,0.6708306312298091,0.48736104575535844,0.7479087569403512
0.0,0.5890345415930536,0.30099106619634325,0.49146935444544737,0.66574293122237,0.2847232157329047,0.3617197483923919
0.0,0.6116903429133214,0.5306187091431411,0.5454994907976299,0.8473345841080837,0.524764360704446,0.5353537880569422
1.0,0.547612849745729,0.9377084359986523,0.9416114095745566,0.6594763371430774,0.9736803647691998,0.8662434715537345
0.0,0.5874412256060733,0.5486625072210594,0.5196420972675568,1.0,0.2876068165494362,0.7107012533279795
1.0,0.46275795253401036,0.7847329641533982,0.7610478990736999,0.23990815085070905,0.7869614676122338,0.3129105763508321
0.0,0.0,0.5395413844426962,0.6698185620799085,0.34214443278443296,0.4078335850452235,0.459475946365897
1.0,0.0431977644924829,0.5219495180445437,0.7089429063814824,0.19565240496251113,0.7518238291732938,0.29913413908210296
0.0,0.1758767468631752,0.18598674989160263,0.3809851756195549,0.42448464427498356,0.2602143039129323,0.17672381907211568
0.0,0.19196572397283615,0.08336034086858668,0.40670353835747597,0.44657474796496277,0.26382483891777875,0.2451744214705151
0.0,0.5567693057467232,0.4932888385467396,0.510098769048055,0.7624175258199299,0.40384959403395904,0.34761105275080595
1.0,0.5923160111713006,0.7040345351209008,0.7723420632447725,0.6605801359040201,0.850961495165211,0.7368328879925714
1.0,0.2840545191916386,0.762510763490218,0.8207997505009378,0.5381404503926911,0.8271572610178267,0.6294328356575585
1.0,0.3685868586823495,0.6717242566235677,0.7004473949061868,0.6184288337324195,0.7739366238827621,0.5746269819331213
0.0,0.9999964378898475,0.5690913891134415,0.7231906101221484,1.0,0.6283533747217314,0.6937386417645968
0.0,0.6327076215336336,0.4896589896326455,0.5860493625283348,0.5095263711836621,0.6292730525122519,0.4202862405000489
0.0,0.6543791077516663,0.37710638105338073,0.6053164098564308,0.4491270211318472,0.3570419854856727,0.5735444337811393
1.0,0.2865217938261664,0.6684405225576113,0.7520621997536165,0.18504683270496403,0.8284538091925123,0.6286648570439094
1.0,0.5393702547246416,0.7597565242071729,0.8058683482333593,0.6122190187142709,0.8663361693314885,0.5815530022634059
1.0,0.29196626809942045,0.7174706582340302,0.6861540532942199,0.2635236450698405,0.694877671868414,0.553505805575067
1.0,0.2830267703177997,0.8427582717004256,0.9230092946113593,0.4035789608684497,0.5587916988545016,0.0
0.0,0.5961578678975853,0.44982966899023785,0.4955233995136399,0.5980503553595229,0.37784287961296026,0.6076500076285295
1.0,0.6088473495373288,0.7675168309188036,0.833919797793721,0.43041915625529825,0.8207319246211106,0.5919810008439998
0.0,0.6997875518065368,0.5310815520499133,0.5423725710031565,0.8510102968834137,0.49447120943536327,0.7115245959785583
0.0,0.6377668459787379,0.5012204599403514,0.4982799108536502,0.6588111678500882,0.5166623572391452,0.5972267038123046
0.0,0.6872617980582195,0.38637524385588334,0.5158499506176402,0.6180208724798181,0.3398198218917353,0.5578762367623543
0.0,0.5842634666364639,0.34145538676752946,0.567122860474232,0.6286221399557919,0.4312844528067794,0.4362763350809511
0.0,0.5849549627310696,0.516068268934901,0.5824984578421647,0.5301296017132798,0.4442046328266631,0.3017775411680397
0.0,0.49862862184533296,0.5858182932185476,0.647997949991132,0.5436303200086572,0.44740320137944667,0.5420711917701172
0.0,0.71187981884616,0.470993014769348,0.5367252664457635,0.752143089918403,0.4759975470808563,0.5042329227404895
0.0,0.5278735454050156,0.5045495518066065,0.5246863432877658,0.6932721243076614,0.427201353224513,0.4423839001534699
0.0,0.67580756107363,0.40197658969654787,0.5847566301060743,0.6083968653455296,0.3809700316811876,0.5383451450700288
0.0,0.4118008703730376,0.5560371817096126,0.4807929429608079,0.6068181026922183,0.42636759471051633,0.3182000562603664
0.0,0.6027956503275385,0.1559016301466773,0.2924462985649149,0.5752871209767006,0.18581649536666353,0.49061713239190546
1.0,0.5849018297074616,0.761825797079901,0.7215838212571908,0.5917706971565295,0.6645961985342654,0.2534000760430493
0.0,0.8648175016717031,0.44927190940274747,0.5659292948664341,0.7314085498735647,0.49845635981853564,0.604542167354856
0.0,0.9999999999999999,0.5676401670025888,0.6887235507676979,0.9819191011237207,0.5502246060557823,0.5015012892121613
0.0,0.7019040023440383,0.4667659718542045,0.49293057776643356,0.835499795491325,0.4574892241048516,0.40201190765682016
1.0,0.7282624044750763,0.6915676076635895,0.7517794607848717,0.44398453149623507,0.688624816054737,0.7148769444695572
0.0,0.11275252349289813,0.7266976610603968,0.600151429808562,0.19307560358427828,0.5876050958662457,0.0
0.0,0.9116701828342119,0.36385155916936734,0.4817406007969861,0.5506121959235537,0.4757203083079291,0.6273432479205927
0.0,0.5024861427573014,0.510111557254594,0.39526837097402023,0.7842394138694118,0.4714842990866768,0.5002152021242313
0.0,0.3273482880318271,0.29933873464740196,0.31535029780007606,0.3087581159801016,0.2861746153964526,0.34236965230136446
0.0,0.6445956091308651,0.48216004838098386,0.5428896531503143,0.3807166517746928,0.5747592646695978,0.3495853892396828
0.0,0.5523488767368413,0.38110395519461565,0.4582032093572148,0.3408581808275031,0.4229725946577595,0.3744507416832442
0.0,0.5081750707988372,0.4702546862462839,0.5262530763183667,0.4136282411907045,0.24651253308587126,0.4173108895436828
0.0,0.4811514752701494,0.41265293632965366,0.5485629091701824,0.48834296696954904,0.3954489852895996,0.3487983477014244
0.0,0.4324068404181166,0.7212555704307868,0.6871991244965858,0.7229401257206011,0.6918654782867539,0.594866763034227
0.0,0.3753530426369818,0.7106958008145028,0.7120022488771947,0.40091431335466254,0.5412042955132579,0.13299466016815786
0.0,0.6240921334036721,0.6011654372240405,0.6384966787528722,0.20391545952931622,0.41991985069346527,0.7546282674404288
0.0,0.45587206318698115,0.6273784753266449,0.5820188979769685,0.43414196050735865,0.5266187021564358,0.5035076863038593
0.0,0.681856091823259,0.6020610595939704,0.6929518743760504,0.5982762991101117,0.5753887535677173,0.7038631217747309
0.0,0.8172734045389695,0.7995594755760118,0.6428196035195463,0.2985346645358855,0.2545576840932686,0.583124896674218
0.0,0.872547736609151,0.6893678381354709,0.7114650415446866,0.6459167937278072,0.1649766479252415,0.0
0.0,0.5710196815929559,0.44493287846006285,0.44455402096311025,0.8410421503817531,0.47262837041224326,0.34561394899742964
0.0,0.6970892996739937,0.5769812140805366,0.5151044588177727,0.17053522389068493,0.502093358617261,0.2903599943511126
1.0,0.7346917130586584,0.7171974510475967,0.9571877707681296,0.05353026256158594,0.914491458575734,0.8284156741289509
0.0,0.5169878823148467,0.47463723319345,0.5264261342434459,0.45180893854807536,0.2904156785323381,0.41262255330027225
0.0,0.5477140506914857,0.562876858787787,0.5542229170192812,0.5034018480258873,0.5898714889892289,0.41429004989525675
0.0,0.47106747570146645,0.2981474902654971,0.3688226306452337,0.7004696819959068,0.4340613689336308,0.3869905182366543
0.0,0.8298279814881953,0.4285795165882044,0.4924208639609585,0.42947573995790556,0.3352991714850432,0.5818156576130479
0.0,0.6632419685707895,0.46550237149737356,0.5005025177394945,0.43922257369572293,0.3784751469566061,0.5272975573866442
0.0,0.2741495582796859,0.5606911905040375,0.5172068565110319,0.36893563571798316,0.42254128740917507,0.6223289438162575
0.0,0.6972500707259502,0.4219099632407886,0.573464631242007,0.6462715490037886,0.4584529207754422,0.2804509601360066
0.0,0.3908473430573865,0.7346043514647171,0.5370476405184351,0.42545581809158295,0.4412879476752658,0.6052626202105182
0.0,0.2084599780350962,0.0,0.24199726313343592,0.11742060310453484,0.07106173861487039,0.04256850711770029
1.0,0.32097108162544224,0.7604992464418361,0.8515729984739802,0.25587611709904856,0.9024683565902966,0.6619479719461108
1.0,0.40489149505015787,0.6376449355069576,0.8055198632830799,0.29683426530868695,0.8256849095357205,0.7482007451105659
0.0,0.6837921984391416,0.42136017112269336,0.5426313343643041,0.6673997255177614,0.5551691503627721,0.3818138710295953
1.0,0.36540517416762774,0.6746631052862968,0.7351695927206373,0.45247303951517437,0.7562038789472815,0.6117767672582807
1.0,0.16716017960020568,0.7023381734063499,0.8035636530634142,0.3280913489715217,0.8516878138978526,0.3394796264217772
1.0,0.30489502244323646,0.5758173778871098,0.7811892463841601,0.433957717555269,0.7695009540923385,0.6623374816577056
0.0,0.6064710500457738,0.2872434806516189,0.3056523062570128,0.47745949012110644,0.0,0.669638511370838
0.0,0.6485510655133575,0.48154567501389695,0.5996865721917349,0.6253697050816239,0.41215936675110254,0.4362763350809511
1.0,0.4600454351690252,0.8312089822407578,0.9090900372883725,0.6047901971108657,0.9269224327706409,0.3907809914075318
1.0,0.45105441002643193,0.700029768481526,0.717503521694027,0.6169972670541978,0.7448101924230823,0.30995058902453265
1.0,0.6547732562928836,0.7910878702230828,0.8551012971252203,0.716737030676121,0.8339574001151954,0.6831630028161391
1.0,0.4387139843105355,0.6785890829151897,0.7277242406696767,0.46261408643274604,0.7852098987979192,0.7797739353145575
0.0,0.36832004683590097,0.5540699392913673,0.5789880219178224,0.33052154575736903,0.6441596478383753,0.4558964539049516
0.0,0.46789560863619895,0.330594787114523,0.4101163643240393,0.5162668658095385,0.2984314234675852,0.38538822292121644
0.0,0.4566603640623014,0.32706494785703205,0.5251522999696852,0.607106097551298,0.2847232157329047,0.4683828847399602
1.0,0.1471637997841683,0.7232225844886631,0.788790694808077,0.48087924409971095,0.8321389531886505,0.34761105275080595
1.0,0.1317637455896225,0.9259265410052291,0.8547318184706016,0.3986610375536884,0.86323775630676,0.9194888981019428
0.0,0.24529253464869843,0.6435674458290468,0.676366018260322,0.30352623022043834,0.7110987942575729,0.4590318027086573
1.0,0.19359646905640818,0.7017237921945294,0.8546349401533351,0.4536291883975361,0.8793261890616616,0.46102317902907886
0.0,0.15307817448557834,0.40296531227503224,0.6442452722740091,0.6152793705008603,0.3672218255316928,0.5820780429172082
1.0,0.3403686456077157,0.7055150322643682,0.7687014567695614,0.07655042894744951,0.7624363029152035,0.6135259239826993
0.0,0.9346479023548818,0.6845916479329979,0.676366018260322,0.814369103735977,0.6326461236999357,0.3059167139049832
0.0,0.6117711760167638,0.6936472272514076,0.623702983314065,0.5538660781365665,0.1649766479252415,0.7051257476281839
0.0,0.5819105853247741,0.6874864530369664,0.6359630368214484,0.4858893889140825,0.3415782510054196,0.37410892667615553
0.0,0.37833227508193973,0.6242734385023458,0.5439697745420196,0.7189081203432797,0.4300741994351439,0.6631148989739816
0.0,0.6051848742285597,0.660085250639943,0.7228599342461046,0.3294845971905268,0.6198664488837962,0.7185139928484569
0.0,0.9999999999999999,0.9525290937428632,0.8394900247428386,0.9846254510307044,0.7845305313241809,1.0
0.0,0.21740523123750607,0.7203059145578057,0.7492757573918619,0.3431023828109925,0.8299987942485372,0.2625377272709006
0.0,0.8710770380963953,1.0,0.8578253718660037,1.0,0.41541704440855765,1.0
0.0,0.16169479720487415,0.36259020524492797,0.6290816168630068,0.11589088735489406,0.4525517973628814,0.05888660413323233
0.0,0.52594791733796,0.6714305144119139,0.44892659365565246,0.590756224587081,0.267317128711413,0.31437039279889056
0.0,0.371978084956178,0.28228219310509756,0.4168071138641415,0.6722390352691496,0.5739998104599465,0.4634320629603903
0.0,0.34522695083024385,0.7089916488205521,0.7384144975242352,0.7827927046766971,0.7368619736685853,0.0
1.0,0.5230769664280998,0.7008557585899327,0.7661384900396744,0.6313773252100783,0.8286352273567367,0.37716250115402533
1.0,0.23311739805441978,0.7749061497746126,0.7638479070127533,0.2777377774596903,0.7569649811420562,0.6313977389993499
0.0,0.6728409307647343,0.6660634164268411,0.5146678186745749,0.8134026378889339,0.3398198218917353,0.1780485871831398
0.0,0.6254393746454042,0.20554872775819583,0.47119806702518685,0.44571561769079004,0.2378019828161296,0.2017983635791739
0.0,0.459412711206852,0.4315056381325029,0.5306319634754859,0.37322180161772356,0.38872463856942174,0.37883721456049885
1.0,0.12592587451381118,0.5682033273430498,0.8588808118015032,0.45721394064583487,0.8017201803271896,0.44971472878605406
0.0,0.5014729563223681,0.37681699962465515,0.5665051254080936,0.43060722017749475,0.4594089923028083,0.539282082043631
0.0,0.6739963351754867,0.6327144110553415,0.6439446953951264,0.8278845446036569,0.45120024940464376,0.6201834813503673
0.0,0.8194483028188708,0.6907486826300941,0.6345804314669775,1.0,0.5479121368191049,0.725031435959588
1.0,0.3446711496466785,0.6880258908113326,0.7473490011960495,0.48242503737185916,0.766136036911378,0.5854647708782855
0.0,0.5939000404897781,0.49126559152930266,0.6827629893208099,0.6751809241654918,0.51804959452842,0.45679701885741847
0.0,0.5570041159782521,0.5001883785688546,0.5226302496169412,0.3659224394356725,0.47347942976391766,0.3568905255131417
1.0,0.37449331129553753,0.7993932214784336,0.8820040886857238,0.6953740076727079,0.8810819086477069,0.46430132779279415
1.0,0.42777823144569865,0.8148492827214995,0.893869280819447,0.6763052036689489,0.9321886550129543,0.6116597466555455
0.0,0.7682062695547296,0.7734911596167029,0.7330729864272713,0.7420264490677451,0.4344528337123996,0.9453126597017718
0.0,0.20331388466751074,0.32058507200512537,0.5286576193444399,0.35117351976577516,0.5746329983622478,0.08693136218509925
0.0,0.3190451116980299,0.3582577793661816,0.6438352613420665,0.5151021046939145,0.042351662695177095,0.5666709045216489
1.0,0.25916615225233225,0.776994423593478,0.8855940848505391,0.4565675905003922,0.8708978099760466,0.4596976703005267
0.0,0.48306096745519034,0.33908569139389805,0.4285286156262804,0.4436362373299979,0.4360059526889686,0.331814054122251
1.0,0.3503494510767263,0.6190027900357531,0.6659455143647308,0.6429959701360668,0.794222701279137,0.23559993618511071
0.0,0.29238253313953017,0.5801215434422993,0.659805375460927,0.5637554908234975,0.7338641712317032,0.479983360508447
1.0,0.4605904872922716,0.7921827571811397,0.8259403707473159,0.4411784300574457,0.9125286749886815,0.47816013522496764
0.0,0.6938577238587059,0.47132013195866135,0.47221332612362954,0.5584590297512734,0.41768994960780303,0.656735654360435
1.0,0.6012422955215208,0.9437044440748157,0.9824485187867136,0.7294019579154152,0.9775677671419942,0.7245592506827222
0.0,0.5058816588176757,0.37681699962465515,0.5196420972675568,0.504023644946479,0.4158751485006118,0.6224413905495084
0.0,0.38497526836591395,0.6755019270439864,0.6835680899680081,0.5086812137135698,0.7547699530998916,0.5503995296737845
1.0,0.3413510009660651,0.6741632891238598,0.7616281906394113,0.44963302630317026,0.8097012179150634,0.4769361631440249
0.0,0.36290296109088,0.7617588437333398,0.8130584047444575,0.5140474623759365,0.8067153193631955,0.6839763666910191
1.0,0.3499076103391378,0.8412975776724536,0.9662414135881303,0.221978374629701,0.922459778167515,0.45156540801758394
0.0,0.6872617980582195,0.43294955786964423,0.5186728656569319,0.6164491660590953,0.34998025058395843,0.5417628804074527
1.0,0.03643377872224595,0.6977397544661705,0.8094189549360818,0.5032772332787461,0.7803578266356127,0.9248494204408665
0.0,0.4165748114958894,0.2345608256509823,0.47196021106270314,0.6002980927940509,0.3070951187714118,0.24362474697985925
0.0,0.6424382500091015,0.3595538131250334,0.4712829580353993,0.5550955314746159,0.26382483891777875,0.46816998696321904
0.0,0.45613513142416323,0.6977164826832551,0.7511977590946318,0.1397322153528079,0.7615122084988185,0.3104477289586571
0.0,0.44552082433708323,0.3910827201660912,0.5611978048653382,0.8177720872704222,0.4229725946577595,0.3671340125085891
1.0,0.3621687182153778,0.5164456505242767,0.6448992177439553,0.7615002700594098,0.5517432759065583,0.5710915723540924
0.0,0.505477563168203,0.31511345333746416,0.4808721606671603,0.426421519111546,0.2861746153964526,0.448081829476027
0.0,0.6104914569274534,0.5564880849769518,0.6116566508620004,0.40069034150615823,0.547600611788745,0.47591092273631413
1.0,0.720456255509659,0.6567923177766455,0.7284352328454017,0.5545290856668834,0.69807675627318,0.5962356519764016
0.0,0.4125862880576078,0.49486197905842394,0.4858509480328923,0.5988024845332778,0.42594850531541806,0.45499203079402595
0.0,0.31385809084805144,0.2964640159426876,0.3743397973488637,0.4557562925192804,0.7793731809441253,0.2914844387290519
0.0,0.5364106341609204,0.529689341517305,0.5440210160772387,0.7999003996408451,0.5366970317932569,0.5125866786413095
1.0,0.5831607282069244,0.6587464200193236,0.6541587767358575,0.8385527566785786,0.5747592646695978,0.6603845522717431
0.0,0.340420484822068,0.7602969629050911,0.6003298631339681,0.52153173968159,0.6353800833226894,0.40406440929552434
0.0,0.7758105019733017,0.4616538808623652,0.6006861356982351,0.39568577322383014,0.4344528337123996,0.4855608678348577
0.0,0.24615471472462364,0.6275475767803693,0.5809345100326876,0.4536291883975361,0.475442438563601,0.03611717824367656
0.0,0.6546043950522196,0.5271669589001635,0.6005080982711161,0.709696037343849,0.44948917667407684,0.6993584398646557
0.0,0.3119697458211021,0.6696044367009728,0.5597264011958669,0.49472696830641905,0.6041198180692705,0.3361155414485797
0.0,0.5359670092354781,0.3462658584457346,0.5696994164393151,0.60074454826099,0.47710025139918555,0.3033424813655383
0.0,0.6954152238546681,0.5840251302864805,0.3780570977182982,0.725331033437262,0.19652208819899467,0.5503995296737845
0.0,0.5075859754225394,0.26955059030501355,0.3766543935704052,0.4803138101049568,0.2890203382447457,0.2986000568446547
0.0,0.9469454278133435,0.518940830920029,0.5985725956073873,0.7485585569431026,0.5576435969920268,0.6715291837960986
0.0,0.7353238512832369,0.5723715015047286,0.6874328801684723,0.903206163553248,0.45553844348789385,0.6994440695618549
0.0,0.7654224594591194,0.4634607602338457,0.5426830336343175,0.5934755023289009,0.47627415784514937,0.5239966783182517
0.0,0.6895718682647365,0.31511345333746416,0.563829337121473,0.6863993580131473,0.5168614781982165,0.42818197882766856
0.0,0.5856094648149255,0.5724172742643008,0.6408811141298025,0.3768825845766214,0.6443086608187608,0.6848774458818525
0.0,0.4785639730341153,0.7039444400570898,0.7537349849001855,0.49009441023945055,0.7243012945699098,0.6435249486302513
1.0,0.3742777763659393,0.663405101732522,0.7946590636247506,0.2541848767846604,0.8657718352680567,0.7177095298358613
0.0,0.5412008951325445,0.510111557254594,0.5013271621580211,0.5562233553096142,0.48114901758012374,0.4362763350809511
0.0,0.6245883607884001,0.2266783895273799,0.3584066495134939,0.5824430731242317,0.24004828474981335,0.448081829476027
0.0,0.6555600976562078,0.6372604147668177,0.5390733541605685,0.3763645744637023,0.5119927578562201,0.42662753446236995
0.0,0.5230769664280998,0.5821706246883784,0.5201243156538062,0.7849745067917011,0.5700032139346632,0.334408103735363
0.0,0.37976295901543494,0.47914385576135704,0.5028267817052248,0.5517670472633431,0.4130993795671086,0.4596976703005267
1.0,0.4767519946037744,0.9043341829800109,0.9505108439055325,0.797052543778141,0.9712251822626312,0.8657821468813486
0.0,0.48948853773464807,0.4684362286257077,0.6299761475336253,0.8226527878869161,0.3986705994059022,0.6130606054700933
0.0,0.8096057584074849,0.7080897892018199,0.8279501072780108,0.33956149691794957,0.46192217142436387,0.5753012265029052
0.0,0.5705357117138893,0.8562245515277938,0.6302138753541536,0.727416156139562,0.6338591830410104,0.7541990510079125
0.0,0.8281167661233916,0.27354040208922387,0.48055501957776503,0.6600289859339025,0.3334385146718978,0.4375124849478956
0.0,0.5835169132133828,0.628357114999341,0.6444635366844403,0.34625482181367395,0.4706191370596643,0.3664214867712463
0.0,0.532562405219535,0.4742361598650245,0.5084127543442017,0.7397413666356465,0.7418679375335323,0.513805311645614
0.0,0.9999999999999999,0.6127357445560107,0.5233384403051414,0.7874677242347186,0.5426718003846012,0.7581825848081186
0.0,0.982890863442776,0.6267005161557779,0.6935887553983613,0.6469203148848851,0.5762649234390372,0.4823910183237197
0.0,0.5475116109620377,0.6241701791016221,0.5252685591475592,0.301050608189956,0.5505297898428355,0.4202862405000489
0.0,0.5190035034871302,0.39041855111393514,0.4443471153628695,0.7991273268892021,0.25061164671138103,0.33268319374151883
0.0,0.7479623067314284,0.4220197020510596,0.4943049143295897,0.46088503650641877,0.4808832274130077,0.44714296888735827
0.0,0.33022982238111964,0.3910827201660912,0.6796826518210513,0.7124551289710573,0.7135449905823951,0.37950285529216915
1.0,0.25618236170880354,0.7426829324371764,0.8120487133703459,0.09414417717872692,0.8102272479521747,0.5577317983012874
0.0,0.47065616896569784,0.9075907646768693,0.7920607306940384,0.8789218002600201,0.5579315885936953,0.779707841892233
1.0,0.2018197763580565,0.7442263972792846,0.8745782330911497,0.5938608789196161,0.7827215096202802,0.6993584398646557
0.0,0.7217367832270394,0.40468128698374944,0.5478153455644588,0.6969481286731283,0.5438015804256783,0.7791786092553002
1.0,0.597687370650058,0.7101076075693975,0.8550045932191135,0.4741195551190409,0.8189571985483595,0.4570215617784768
0.0,0.6491387061277897,0.18801743723550185,0.448826513727991,0.6153483744289313,0.45221533051322804,0.29204358644313116
0.0,0.43547095072983577,0.37968762869928646,0.4314150354386327,0.7576533813995259,0.394354971233985,0.16698551107585632
0.0,0.3263394133109288,0.6283234549946739,0.4858509480328923,0.4814428965525763,0.36296999976428657,0.5958630326752429
0.0,0.19359646905640818,0.7159102933945571,0.683741679918571,0.3683918953031795,0.3151248617898871,0.5228303387877615
0.0,0.87084311713577,0.5462935391059478,0.480396178211148,0.7319951418016932,0.40128883254775327,0.6278947008127875
0.0,0.2392963814501196,0.4548578536717181,0.5056468773922456,0.4185388495653033,0.5472883227181324,0.54099037287061
0.0,0.21571765128896095,0.4462654054871868,0.28398095411018764,0.4408244567910402,0.31839490414510474,0.368550662886501
0.0,0.7945662571563572,0.5801653844692878,0.6857900190572566,0.7189911795627874,0.5201989497425427,0.6941747539139161
0.0,0.544825101791194,0.3478372583299338,0.39281936475291324,0.9868776624409663,0.5236384798389991,0.2504649819198851
0.0,0.5940202128980203,0.5027230986204718,0.5461575792089666,0.7692912801984391,0.4304789886440694,0.5777137437816077
1.0,0.678433917048578,0.6646835641024984,0.7364032459303671,0.5042717701813207,0.7428554983133255,0.6163009063300215
0.0,0.3869655017108001,0.5375478294490224,0.5403912646531833,0.46009346121192685,0.3765678144335285,0.5332852863868413
1.0,0.6032284658308299,0.6882950376976114,0.6694186646320479,0.47760329493426223,0.6854711003540732,0.654643430960959
0.0,0.9571091106030463,0.5893937546889636,0.6147851613378587,0.7733589574440667,0.5851821594431155,0.5770459007068199
0.0,0.773871595691792,0.5741027081545602,0.5166532842845547,0.8818918731762762,0.4456367626693617,0.5743567796485123
0.0,0.9999999999999999,0.6070799838922205,0.7784536007080408,0.8473114242220132,0.5460314476866539,0.685596307560036
0.0,0.8968322366151184,0.310988940374535,0.5919838651334473,0.47011705785955227,0.4827317626628316,0.08693136218509925
0.0,0.5024861427573014,0.4978958115197823,0.45885534340663026,0.5408038417814769,0.6051235438528584,0.24205731286865945
0.0,0.6510801920503816,0.48744361273029985,0.5599111001059894,0.8396332412615326,0.4688701399819448,0.5206487631301112
0.0,0.6637211889759834,0.3005207863321692,0.4637836045319985,0.4383261976035059,0.4850682220609752,0.3196132420398121
0.0,0.9150170319489643,0.20147733432118403,0.3546500013776809,0.5156854088018333,0.20924236133198018,0.09942652075007116
0.0,0.3583595676091924,0.4917011566228779,0.5510773817390618,0.3608684969068491,0.5760151940009486,0.592359232009388
0.0,0.47373720769678085,0.5619572864519284,0.5787021296881953,0.6147264677613162,0.40231988670633556,0.4543111580633806
0.0,0.36436285382649514,0.5484532115858112,0.6172775599991084,0.6905312719998894,0.5572103915704254,0.526147503047266
1.0,0.4109406726230999,0.7673378815928225,0.7766340303288708,0.4477704582616229,0.8095866131010481,0.4664591808184117
0.0,0.7260854662309894,0.4806972833105479,0.6766824748947342,0.44895802633643833,0.5551691503627721,0.6311801152436444
1.0,0.5128391862860534,0.47148345433125766,0.6440540582589147,0.3346028507214852,0.678706717650159,0.3177262584657444
0.0,0.7002903298289713,0.414385716256264,0.5935916502544414,0.648854172965831,0.5393873132698023,0.4978072059400254
1.0,0.5241849297917629,0.5542727132379601,0.6862609786404102,0.5233282980770418,0.7461697300181099,0.4156689023040157
1.0,0.49289026175680095,0.6126257917818756,0.7407362409611038,0.45313463037028634,0.772906924790991,0.5223286986345602
0.0,0.1827726616088332,0.35629367785841,0.5195212939870234,0.27231270616583314,0.4367749874759592,0.3200815988677999
1.0,0.6662832213469396,0.6658708448475756,0.6723376947027665,0.433957717555269,0.7027165370091234,0.6471437074415162
1.0,0.45281000512758623,0.8004438505893132,0.859802049734512,0.5591984271912662,0.8629019659139727,0.2730399517591334
1.0,0.3665316158512058,0.6379967143694383,0.7378696038918461,0.3157235783117043,0.8159582067014243,0.42215668697879793
1.0,0.35317136074064026,0.5774713469814963,0.7936215042295,0.3579913974225343,0.882635027932064,0.17126355000966884
1.0,0.11995074641652065,0.6967131086524501,0.8943431198631531,0.39076487801140003,0.9049883006157621,0.6859550747141565
1.0,0.1430731901606045,0.7951773765070753,0.7222492166831769,0.42928643396559785,0.7530163936384469,0.2959018283644929
1.0,0.4855235303340868,0.7941556790547768,0.8696241866125582,0.5620366662550427,0.8424545977276473,0.5949915057852587
0.0,0.6780020068595317,0.5065565623689201,0.5605558007335433,0.48547718177413546,0.45813254200348064,0.5027801334077
0.0,0.49855526114966797,0.37797141078754243,0.5679572881562321,0.33426671902821903,0.42340233442191444,0.44737808127896933
1.0,0.24168812341976598,0.8826101559221367,0.7904629973058365,0.5244423339224203,0.8287761765952658,0.479983360508447
0.0,0.4997020997114079,0.4346861690019537,0.5390203958111435,0.9232242706373004,0.4401755921809958,0.5353537880569422
0.0,0.8105939819520629,0.5039428770174339,0.7119652515205919,0.6489124861453552,0.46438424710277393,0.23309614417521657
1.0,0.32934834273726216,0.5796385863505269,0.8489813662037091,0.5019008062213378,0.9590803131598564,0.2526720605472978
0.0,0.559224882241076,0.3636944349918391,0.5390203958111435,0.7176582955809413,0.38639357258471485,0.3369628370249054
0.0,0.5749351954160192,0.4629464792124492,0.6998545104263744,0.5264308340217316,0.5617574377457113,0.5530644570400467
1.0,0.28831076757761825,0.8221992973121481,0.7693809205837946,0.4011379870735845,0.7524043235073022,0.7711344136746523
0.0,0.5019559381064951,0.42234848108994233,0.5278033403389506,0.6262857659579706,0.3034657035357118,0.5259827507759187
0.0,0.26553189459112,0.5485578903287274,0.6665452240992744,0.46025206115444695,0.5566304946889691,0.6064590142910053
0.0,0.5958510069167574,0.5277568102015104,0.5903976181953576,0.5860039180749734,0.5387200813700376,0.15946190055061643
1.0,0.5587394014361847,0.9198907150088362,0.8346597766375703,0.4825649044938587,0.912389991698366,0.605022688226177
0.0,0.30800081442376526,0.5778269700531249,0.532248159114126,0.3642551447704381,0.4308824032208065,0.4855608678348577
0.0,0.5467409560206679,0.47148345433125766,0.6422127740595994,0.6285576099879311,0.41025646241955827,0.5347192336986896
0.0,0.6584936470979083,0.3262695676458684,0.580894203442396,0.6840076894745827,0.6275117585522262,0.30540520692540196
0.0,0.6213327043782927,0.3666536345930976,0.7648369504799813,0.4499695504301132,0.6440850793333169,0.426887444477005
0.0,0.7759592332509926,0.5729200051600247,0.5421133613991007,0.604935746036454,0.3578001258307577,0.5313598263764913
0.0,0.8375575402113529,0.8433731415082315,0.7911787630164613,1.0,0.6096445710639116,0.889975031370546
0.0,0.42544308629349353,0.4462654054871868,0.47537995213537343,0.6736894476922165,0.46916339143377905,0.4855608678348577
0.0,0.19764187377985729,0.3595538131250334,0.4933660200672598,0.33359231592695837,0.30944973023979083,0.4131799615236288
0.0,0.6728010165091183,0.4952175117814514,0.5838493292080554,0.8268985298478919,0.40128883254775327,0.5938666578563705
0.0,0.4477141980869346,0.43407531888869716,0.6252402268384276,0.7443242960895384,0.496596988961329,0.46602934329307194
0.0,0.5593412706713792,0.4621721086627327,0.6406023485167186,0.6773726700177132,0.3858033881548816,0.5233309083501536
1.0,0.585839072308764,0.8209448749443948,0.9088792802903021,0.49680578156061417,0.8759875093604446,0.5329654564328544
0.0,0.7378082400136297,0.5551319293485937,0.4766919012710591,0.5928573044472908,0.38341202105964955,0.7026798239324056
1.0,0.5344828794585101,0.6274123080108192,1.0,0.18319788676575277,0.9999999999999998,0.5503995296737845
1.0,0.671334123465908,0.3641653435418229,0.5559375048968965,0.9056879044285795,0.4518779205757597,0.7696376136534152
1.0,0.7867571033440596,0.681043421946161,0.7533366495460478,0.5129867201900233,0.7597106596900837,0.6605804528489445
0.0,0.6307395589086062,0.4366058469766331,0.46679766096024455,0.3984340370393977,0.36224567954014253,0.4742604446770114
0.0,0.5506926264067551,0.4192540738696106,0.5495539534551936,0.834889140338779,0.48429433529673394,0.49215010532719056
0.0,0.0,0.22157703531896483,0.687007638268656,0.9692826680560351,0.13857142373056777,0.42082245085943704
0.0,0.3540383113260432,0.4004821687678975,0.6467114849269207,0.8670936748214617,0.5142478357338529,0.6405954996805726
1.0,0.17197568014980658,0.5918757352757831,0.7360145629449013,0.3245535295175518,0.8370917298823872,0.572593379183062
1.0,0.33917212139613456,0.6521716246486204,0.7598391378832909,0.42311567945304285,0.7902452806751442,0.6624347754854978
0.0,0.14598026851487952,0.6520235213178609,0.6619094342290905,0.309940854464854,0.7745801100965812,0.5666709045216489
1.0,0.3025743366539039,0.6847411761932187,0.9052920087218104,0.5234400044982259,0.9442612443457716,0.13499112190555984
0.0,0.37345652938281465,0.39846803313701257,0.5003646134991889,0.5948592947967163,0.40485838470502344,0.368550662886501
0.0,0.26685373237066873,0.5210951769167216,0.7129799197180755,0.3294845971905268,0.7507591414557122,0.3394796264217772
1.0,0.3612930341532138,0.6841173642743839,0.8130908897369922,0.6271976216422316,0.8237402978633008,0.5350367216292533
1.0,0.7896170876918525,0.6901442802054518,0.7745595172397426,0.6345964930269682,0.7753369018857832,0.519804248602841
0.0,0.38945540445685456,0.5069551852010672,0.5175747411132248,0.5101276713216619,0.6008553787639512,0.44948223810504595
1.0,0.4726239411974452,0.8179326174505133,0.8608474302087694,0.5764703618730317,0.9101773502134753,0.39046802395366026
0.0,0.39313283664542703,0.38894771581699544,0.5156639351981498,0.5579954365566677,0.38035136160405625,0.5151902219284022
1.0,0.2678371650505076,0.7493030261037128,0.8754722392475189,0.5528194818596521,0.9150265840156091,0.7449000702097874
0.0,0.20663888897487775,0.38988524724288925,0.48353917413778813,0.43506023638298197,0.3117549818104246,0.28693616832826696
1.0,0.10395831476807525,0.6664479698449794,0.8665957187104574,0.2530465601942876,0.8617772151260504,0.5344013229459812
0.0,0.6317857068012601,0.6951391438323515,0.5464099281425044,0.7863766129682463,0.6154103582526181,0.6797034595705873
0.0,0.1288976604453394,0.3290358210473991,0.5165916463427249,0.2624548824348145,0.38698075868408166,0.24126678493939924
0.0,0.7418020950034094,0.10521334568236024,0.28195834387557284,0.6552828018836554,0.09293782323331481,0.4202862405000489
1.0,0.05788907745844677,0.4110189925330873,0.8752969329587323,0.1886724389699332,0.8267701474768296,0.2270633925181837
0.0,0.2249476936416756,0.8633573520659503,0.4930758739566701,0.7779529942496368,0.5064945806270912,0.8090276529539765
0.0,0.2290442465522308,0.6555460385347596,0.5224526671199592,0.30636529844725013,0.41215936675110254,0.47384586243164356
0.0,0.7082715502876521,0.5368782626568613,0.5162212703604258,0.6211272689199103,0.49084479834360917,0.4078192836105642
0.0,0.43591890840530517,0.30355214663488933,0.418078981111879,0.493152020735418,0.37132099036412725,0.37749866698738
0.0,0.3284623128274745,0.4454100010964613,0.5415415212143866,0.3766237831270782,0.3840145231655272,0.4601404252210027
0.0,0.43247179191472684,0.37462985071437654,0.62074203805986,0.23022209870724547,0.6155952060643317,0.34399945326877923
0.0,0.353942186375335,0.35530243377688114,0.48283813675922727,0.4790350071325955,0.5016445289026051,0.39753836708051443
1.0,0.4345722868510765,0.6626786298418303,0.7071845942675541,0.5408038417814769,0.7722262273155728,0.7425315257963868
0.0,0.554863851000681,0.49578483954151326,0.4933660200672598,0.4887486613762708,0.40734293997588045,0.39109343957065124
0.0,0.3914014098324548,0.3587450317824071,0.367307559567314,0.5235516433908368,0.42123784108491746,0.35499742987084265
0.0,0.7379622540208697,0.4014799706583661,0.5390733541605685,0.5798941967062589,0.32363901688756247,0.42295296068421223
0.0,0.4788027683121932,0.22316575969443503,0.39281936475291324,0.4770273789291116,0.23315940254553255,0.3365397192545537
1.0,0.8925935865156595,0.5885169589103778,0.6362496414595645,0.5128684801311587,0.503651595345913,0.6698281416510087
0.0,0.7125425805287654,0.4706652655285933,0.5120200629208872,0.8347423383248154,0.5403816207123606,0.47673149984216195
0.0,0.40687874880571284,0.5824305405549368,0.4916895023441388,0.4432872439340687,0.47205767776081997,0.8504778443069415
1.0,0.647098791268835,0.6662557912857421,0.6948556779900923,0.5287240687502641,0.6606956985373161,0.7431253506443902
0.0,0.4821473450475761,0.498524088420425,0.4936555733549547,0.5274171274461609,0.4445642729871979,0.4543111580633806
0.0,0.46878251932629095,0.43036224458580824,0.4512080482867038,0.3859392455947158,0.4927921448560366,0.18569072546272977
1.0,0.37744331662436825,0.7223030331926656,0.7906937867487441,0.7624853167633592,0.7766374039743906,0.579971362405545
0.0,0.8859789031013995,0.5519780421112424,0.5513704806293144,0.4689135962332217,0.31839490414510474,0.5543861279255844
0.0,0.381183198109688,0.5590218367895516,0.5096467734163791,0.28109143730001385,0.28325207629783866,0.5348780304341331
1.0,0.41279998249148736,0.6335344204296245,0.7473490011960495,0.18226407548734225,0.5554627577645574,0.27740787299105313
0.0,0.7979115930090315,0.3666536345930976,0.5246279948788674,0.6925667452602847,0.5196164098498893,0.32514717664971926
0.0,0.683753586642646,0.6137588013034618,0.4899186402745872,0.874270841724339,0.41858697575542203,0.41594351782370204
0.0,0.85199070355647,0.6961273227478946,0.7154283772756478,0.6169972670541978,0.6464509901637245,0.7263653439502787
0.0,0.3109248887333775,0.42113973993042836,0.5862443110832369,0.6983730587893756,0.47205767776081997,0.3620858447053559
0.0,0.5761431914363306,0.8934372501784564,0.8115582947706378,0.6806420504110684,0.4336686127329522,0.8657308515270268
0.0,0.5930230010260644,0.3632221306490962,0.4896957127566919,0.6199175274202661,0.39157397440668984,0.5274613943166319
0.0,0.2675101023927939,0.5744198010751413,0.5612435597682249,0.5713470619278675,0.45877245233509234,0.5103062920269518
0.0,0.7220245445490877,0.47302722802489977,0.48661315176079056,0.5726407960993672,0.4116865244163035,0.509246141712353
0.0,0.5592442837206708,0.351104169007381,0.45218801866066716,0.5466121231460157,0.3959921547808568,0.37783421862269007
0.0,0.5513723079660195,0.4385036218496416,0.47463648639197864,0.6473320806069371,0.4097758757587914,0.4538560167864456
0.0,0.38639890796163234,0.3996040494053558,0.46662218896785335,0.7577226782443462,0.4445642729871979,0.5160516080398014
0.0,0.3554741612002544,0.5305607677862452,0.5340661392644651,0.4486195451102958,0.317315604914459,0.6282250353468702
0.0,0.19418351494410202,0.5981345679630947,0.5919838651334473,0.40046607067808604,0.3433095732612902,0.4469075904928701
0.0,0.7519516015401817,0.6788205315597429,0.600828423608946,0.845637715198577,0.4685761795676885,0.4825904728433213
0.0,0.6055317003125568,0.3539710593985432,0.5763545092331627,0.5168464881646315,0.36440496542800604,0.39264796131135976
0.0,0.5556708639274408,0.4157588929417591,0.4607931556415772,0.6414892383543501,0.5595040735002428,0.3339785306320795
1.0,0.4288043615734717,0.7812885071730802,0.7306686571806429,0.6239876377763984,0.7337475883176292,0.6677352551073322
0.0,0.5912956120060384,0.45149189860972055,0.475132573373538,0.7997002315277786,0.2771584431698544,0.46688815994485894
0.0,0.5896798735984656,0.37968762869928646,0.37612416940914284,0.7538074559653001,0.29179331558345356,0.31437039279889056
0.0,0.5558673367549792,0.2964640159426876,0.42676559326834507,0.5389640068272654,0.49108990597892144,0.3671340125085891
0.0,0.4265137174784588,0.36067923789736983,0.45848307948155054,0.6776766449166157,0.3672218255316928,0.5184466378966474
0.0,0.7875750676130061,0.5328636220594203,0.5235737474252873,0.9339286619773812,0.3140129712852592,0.6363558153026676
0.0,0.7814896449471372,0.6195684747786785,0.6400993984031665,0.24840354374830187,0.10222080531423719,0.35423445004598797
0.0,0.7722631360577483,0.7657528322764215,0.6258816170504542,0.1794241926617428,0.525694949906227,0.3331160822914829
0.0,0.6876309560087673,0.6145586448978433,0.5860103439315703,0.7124551289710573,0.5694783898365672,0.4608028336819259
0.0,0.4960232965154856,0.38166701514246587,0.4516989265704504,0.5817885219263094,0.5182465219399789,0.36819754235378716
0.0,0.7668169802952141,0.6284244166120929,0.6382705014714563,0.8717642383516928,0.5909900814520586,0.5090689737140809
1.0,0.5075623830164258,0.7938282038399729,0.8445041285289542,0.6373944811267571,0.848302998734953,0.42162406511588224
1.0,0.5278517427254569,0.5858182932185476,0.6734226322333902,0.5435301054676767,0.7059787250127392,0.35575711218299005
0.0,0.5375059576386484,0.5750523118144419,0.6662096442601135,0.6034753616613919,0.6737047006213583,0.8666018653870665
0.0,0.48974214391440773,0.4869970775445895,0.624627050001782,0.5158018475712103,0.656951120868727,0.635285589570245
0.0,0.32873968945868387,0.5587750185761347,0.5795175851208187,0.5320583183132377,0.41356658123067913,0.8246835375661702
0.0,0.09528382467697663,0.5737396290284504,0.7757308392064495,0.1484206085831905,0.7169166729827544,0.17538338395190706
0.0,0.4437382196577506,0.6232728322343808,0.6785468776578328,0.9987892616087015,0.5692151744858394,0.6881874337465991
0.0,0.472297114682523,0.47890961570457874,0.5849531805778618,0.7637693406234984,0.595693744261419,0.3339785306320795
1.0,0.5186423062977035,0.6603688803825576,0.7169284770580518,0.5479875888879281,0.7399091111280738,0.6333485788700168
1.0,0.42460293582071945,0.7646670408591603,0.7550713213496945,0.4383261976035059,0.8263820165226252,0.5148447697272243
0.0,0.4462543288414142,0.6441865429566285,0.7572101146753445,0.3157235783117043,0.7378472504601592,0.526641070166889
1.0,0.21326486575881123,0.719497104923372,0.8439386443132646,0.18504683270496403,0.826627270525517,0.47384586243164356
0.0,0.5407028706903544,0.5816496660003545,0.5290546002326628,0.39452721178119476,0.6364897803634326,0.5922332163549384
0.0,0.42684720264517895,0.6368429494658046,0.7862858710385489,0.0,0.8282115713917847,0.5755704217677428
1.0,0.6745261931774182,0.622857193374903,0.7257289066924325,0.468460183792728,0.7351787480087318,0.6234513057056944
0.0,0.7801293566206726,0.42256730363596945,0.6121546439543621,0.43506023638298197,0.5738727998431268,0.5508457056810964
1.0,0.681104425824608,0.5773823312245308,0.6274893636179473,0.47264763789401765,0.653030171830892,0.4501789356150822
1.0,0.67342578203974,0.5375478294490224,0.7735137529221985,0.4429375483034539,0.7271820886145668,0.3153363237469209
0.0,0.586191957738921,0.5088033842113397,0.5486623059240379,0.9657562136081725,0.3305880907048746,0.6346414417012415
0.0,0.6177725772548415,0.7364604493374742,0.7993595823265338,0.6543768426598189,0.7880555016284054,0.6354999692995711
0.0,0.8228682825400976,0.84228749127397,0.649301182536481,0.9619929285442157,0.4835155371817961,0.5425329214614232
0.0,0.3736297159079207,0.6582024675102904,0.6349560216538993,0.5920817778645494,0.5607764576134606,0.3452117414921529
0.0,0.535374353739773,0.4590385852160624,0.5912304843949078,0.06558046383260618,0.3046889049651076,0.6940003865500654
0.0,0.37578147249291555,0.600108402553861,0.8230367640851238,0.38046379869142777,0.4163314769444816,0.6547434147274905
0.0,0.5338016411153174,0.6444027415822078,0.6420192309320464,0.9381023106096817,0.6194185516645702,0.5893177725265745
0.0,0.7243067334352473,0.39719641796544675,0.6303919476691876,0.274802845943782,0.6149471053523214,0.37410892667615553
0.0,0.3205643891639041,0.5552327409524287,0.480396178211148,0.532696799864316,0.4597260098582082,0.582994274258941
0.0,0.6701021938798345,0.587593829603686,0.7065946368446727,0.40685155954772256,0.6878161081089663,0.4863462837298798
0.0,0.8112092229173321,0.7821967503514387,0.818284341714794,0.9325158289726623,0.3858033881548816,0.6668746315706534
0.0,0.8892393557829216,0.42836851663514525,0.40475139151090234,0.7202744394910227,0.3151248617898871,0.680161027932958
1.0,0.6391445708978218,0.8283699550735366,0.9308735429045386,0.3411807147937501,0.9382342521127616,0.6325915749536357
0.0,0.5688727069485269,0.4782049569832261,0.5295634443613447,0.46951634784033935,0.37720711554721675,0.6592062884563493
0.0,0.36203072552143023,0.45440691756819523,0.5444814071201995,0.1012382619153735,0.49303341472503803,0.16100899266011404
